Workbook

Sheet Department Summary
B1: CAMPUS OPERATIONS & FACILITIES EXECUTIVE SUMMARY
B2: TOTAL WORKFORCE | D2: FACILITIES | E2: CORE DEPARTMENTS | G2: SANITATION SHARE
B3: =D12 -> 156 | D3: 15 | E3: 5 | G3: =E11 -> 0.59615385
B4: Active personnel across campus | D4: 8 Halls, 6 Faculties, 1 Fleet | E4: ELEC, PLUMB, CIVIL, IT, CLEAN | G4: 93 Dedicated housekeeping staff
B6: Department | C6: Code | D6: Headcount | E6: % of Workforce | F6: Primary Scope / Core Allocation | G6: Key Facilities & Specialized Equipment
B7: Electrical Maintenance | C7: ELEC | D7: =COUNTIF('Staff Directory'!$D$4:$D$159, "Electrical (ELEC)") -> 16 | E7: =D7/$D$12 -> 0.1025641 | F7: Power distribution, substation, lighting & diesel generators | G7: 8 Residential Halls, 6 Faculties, 11kV Substation
B8: Plumbing & Water Supply | C8: PLUMB | D8: =COUNTIF('Staff Directory'!$D$4:$D$159, "Plumbing (PLUMB)") -> 16 | E8: =D8/$D$12 -> 0.1025641 | F8: Continuous supply, pump houses, sewer lines & drainage | G8: 8 Residential Halls, 6 Faculties, Tube-Wells & Jetting Unit
B9: Civil, Carpentry & Masonry | C9: CIVIL | D9: =COUNTIF('Staff Directory'!$D$4:$D$159, "Civil (CIVIL)") -> 16 | E9: =D9/$D$12 -> 0.1025641 | F9: Carpentry, glazing, locksmith, structural welding & central AC | G9: 8 Residential Halls, 6 Faculties, Central Chiller Plant
B10: IT & Audio-Visual Support | C10: ITINF | D10: =COUNTIF('Staff Directory'!$D$4:$D$159, "IT & AV (ITINF)") -> 15 | E10: =D10/$D$12 -> 0.096153846 | F10: Campus Wi-Fi, LAN routers, smart lecture halls & fiber splicing | G10: 8 Residential Halls, 6 Faculties, Core Fiber Splicer
B11: Sanitation & Housekeeping | C11: CLEAN | D11: =COUNTIF('Staff Directory'!$D$4:$D$159, "Sanitation (CLEAN)") -> 93 | E11: =D11/$D$12 -> 0.59615385 | F11: Floor sweeping, washrooms, hazardous waste & mechanised trash | G11: 8 Residential Halls, 6 Faculties, Tractor & Waste Compactor
B12: Total Campus Workforce | C12: ALL | D12: =SUM(D7:D11) -> 156 | E12: =SUM(E7:E11) -> 1 | F12: Integrated 24/7 campus facilities and infrastructure coverage | G12: 15 Primary Operating Units & Heavy Reserve Fleet
B15: Facility Category | C15: Units / Complexes | D15: Headcount | E15: Workforce Share
B16: Residential Halls | C16: 8 Halls | D16: =COUNTIF('Staff Directory'!$A$4:$A$159, "*Hall*") -> 112 | E16: =D16/$D$19 -> 0.71794872
B17: Academic Faculties & Admin Blocks | C17: 6 Sectors | D17: =COUNTIF('Staff Directory'!$A$4:$A$159, "*Faculty*")+COUNTIF('Staff Directory'!$A$4:$A$159, "*Administrative*") -> 36 | E17: =D17/$D$19 -> 0.23076923
B18: Central Mobile & Heavy Equipment Reserve | C18: 1 Fleet Unit | D18: =COUNTIF('Staff Directory'!$A$4:$A$159, "*Central*") -> 8 | E18: =D18/$D$19 -> 0.051282051
B19: Total Across Facilities | C19: 15 Operating Units | D19: =SUM(D16:D18) -> 156 | E19: =SUM(E16:E18) -> 1

Sheet Staff Directory
A1: CAMPUS OPERATIONS & MAINTENANCE STAFF DIRECTORY
A2: Master roster covering Residential Halls, Academic Faculties, and Central Reserve (156 Personnel)
A3: Location / Facility | B3: Name | C3: Profession / Role | D3: Department | E3: Username | F3: Official Contact
A4: Sir Syed Hall (North & South Blocks) | B4: Tariq Ahmad Khan | C4: Resident Electrician | D4: Electrical (ELEC) | E4: elec_sirsye_1 | F4: +91 98230 11001
A5: Sir Syed Hall (North & South Blocks) | B5: Nadeem Akhtar | C5: Resident Plumber & Pump Tech | D5: Plumbing (PLUMB) | E5: plumb_sirsye_1 | F5: +91 98230 11002
A6: Sir Syed Hall (North & South Blocks) | B6: Farhan Mirza | C6: Resident Carpenter & Glazier | D6: Civil (CIVIL) | E6: civil_sirsye_1 | F6: +91 98230 11003
A7: Sir Syed Hall (North & South Blocks) | B7: Mohammad Shadab | C7: Resident IT & Wi-Fi Attendant | D7: IT & AV (ITINF) | E7: itinf_sirsye_1 | F7: +91 98230 11004
A8: Sir Syed Hall (North & South Blocks) | B8: Rashid Mansoori | C8: Senior Sanitation Supervisor | D8: Sanitation (CLEAN) | E8: clean_sirsye_1 | F8: +91 98230 11005
A9: Sir Syed Hall (North & South Blocks) | B9: Zubair Alam | C9: Sanitation Attendant | D9: Sanitation (CLEAN) | E9: clean_sirsye_2 | F9: +91 98230 11006
A10: Sir Syed Hall (North & South Blocks) | B10: Kamran Siddiqui | C10: Sanitation Attendant | D10: Sanitation (CLEAN) | E10: clean_sirsye_3 | F10: +91 98230 11007
A11: Sir Syed Hall (North & South Blocks) | B11: Salman Beg | C11: Sanitation Attendant | D11: Sanitation (CLEAN) | E11: clean_sirsye_4 | F11: +91 98230 11008
A12: Sir Syed Hall (North & South Blocks) | B12: Parvez Ahmad | C12: Sanitation Attendant | D12: Sanitation (CLEAN) | E12: clean_sirsye_5 | F12: +91 98230 11009
A13: Sir Syed Hall (North & South Blocks) | B13: Faisal Qureshi | C13: Sanitation Attendant | D13: Sanitation (CLEAN) | E13: clean_sirsye_6 | F13: +91 98230 11010
A14: Sir Syed Hall (North & South Blocks) | B14: Shabbir Husain | C14: Sanitation Attendant | D14: Sanitation (CLEAN) | E14: clean_sirsye_7 | F14: +91 98230 11011
... A159: Central Mobile & Heavy Equipment Reserve | B159: Sultan Khan | C159: Central Waste Tractor & Compactor Driver | D159: Sanitation (CLEAN) | E159: clean_centra_1 | F159: +91 98230 30008
